team,record,games_played,point_diff,prev_record,title_odds,playoff_odds,hist_teams,hist_champions,hist_playoff_teams,champion_seasons,unbeaten,at_floor,past_floor,never_champion,prev_past_floor,floor_losses,floor_examples
SF,3-0,3,48,2-0,0.06976744186046512,0.7286821705426356,129,9,94,"1999 STL, 2004 NE, 2006 IND, 2009 NO, 2013 SEA, 2015 DEN, 2016 NE, 2019 KC, 2021 LA",TRUE,FALSE,FALSE,FALSE,FALSE,2,"2001 NE, 2007 NYG, 2018 NE"
KC,3-0,3,38,2-0,0.06976744186046512,0.7286821705426356,129,9,94,"1999 STL, 2004 NE, 2006 IND, 2009 NO, 2013 SEA, 2015 DEN, 2016 NE, 2019 KC, 2021 LA",TRUE,FALSE,FALSE,FALSE,FALSE,2,"2001 NE, 2007 NYG, 2018 NE"
LV,3-0,3,34,2-0,0.06976744186046512,0.7286821705426356,129,9,94,"1999 STL, 2004 NE, 2006 IND, 2009 NO, 2013 SEA, 2015 DEN, 2016 NE, 2019 KC, 2021 LA",TRUE,FALSE,FALSE,FALSE,FALSE,2,"2001 NE, 2007 NYG, 2018 NE"
MIN,3-0,3,30,2-0,0.06976744186046512,0.7286821705426356,129,9,94,"1999 STL, 2004 NE, 2006 IND, 2009 NO, 2013 SEA, 2015 DEN, 2016 NE, 2019 KC, 2021 LA",TRUE,FALSE,FALSE,FALSE,FALSE,2,"2001 NE, 2007 NYG, 2018 NE"
BUF,3-0,3,23,2-0,0.06976744186046512,0.7286821705426356,129,9,94,"1999 STL, 2004 NE, 2006 IND, 2009 NO, 2013 SEA, 2015 DEN, 2016 NE, 2019 KC, 2021 LA",TRUE,FALSE,FALSE,FALSE,FALSE,2,"2001 NE, 2007 NYG, 2018 NE"
JAX,2-1,3,46,1-1,0.049342105263157895,0.5460526315789473,303,15,166,"2000 BAL, 2002 TB, 2003 NE, 2005 PIT, 2008 PIT, 2010 GB, 2011 NYG, 2012 BAL, 2014 NE, 2017 PHI, 2020 TB, 2022 KC, 2023 KC, 2024 PHI, 2025 SEA",FALSE,FALSE,FALSE,FALSE,FALSE,2,"2001 NE, 2007 NYG, 2018 NE"
CHI,2-1,3,36,1-1,0.049342105263157895,0.5460526315789473,303,15,166,"2000 BAL, 2002 TB, 2003 NE, 2005 PIT, 2008 PIT, 2010 GB, 2011 NYG, 2012 BAL, 2014 NE, 2017 PHI, 2020 TB, 2022 KC, 2023 KC, 2024 PHI, 2025 SEA",FALSE,FALSE,FALSE,FALSE,FALSE,2,"2001 NE, 2007 NYG, 2018 NE"
SEA,2-1,3,25,2-0,0.049342105263157895,0.5460526315789473,303,15,166,"2000 BAL, 2002 TB, 2003 NE, 2005 PIT, 2008 PIT, 2010 GB, 2011 NYG, 2012 BAL, 2014 NE, 2017 PHI, 2020 TB, 2022 KC, 2023 KC, 2024 PHI, 2025 SEA",FALSE,FALSE,FALSE,FALSE,FALSE,2,"2001 NE, 2007 NYG, 2018 NE"
CIN,2-1,3,17,2-0,0.049342105263157895,0.5460526315789473,303,15,166,"2000 BAL, 2002 TB, 2003 NE, 2005 PIT, 2008 PIT, 2010 GB, 2011 NYG, 2012 BAL, 2014 NE, 2017 PHI, 2020 TB, 2022 KC, 2023 KC, 2024 PHI, 2025 SEA",FALSE,FALSE,FALSE,FALSE,FALSE,2,"2001 NE, 2007 NYG, 2018 NE"
BAL,2-1,3,14,1-1,0.049342105263157895,0.5460526315789473,303,15,166,"2000 BAL, 2002 TB, 2003 NE, 2005 PIT, 2008 PIT, 2010 GB, 2011 NYG, 2012 BAL, 2014 NE, 2017 PHI, 2020 TB, 2022 KC, 2023 KC, 2024 PHI, 2025 SEA",FALSE,FALSE,FALSE,FALSE,FALSE,2,"2001 NE, 2007 NYG, 2018 NE"
DET,2-1,3,-2,1-1,0.049342105263157895,0.5460526315789473,303,15,166,"2000 BAL, 2002 TB, 2003 NE, 2005 PIT, 2008 PIT, 2010 GB, 2011 NYG, 2012 BAL, 2014 NE, 2017 PHI, 2020 TB, 2022 KC, 2023 KC, 2024 PHI, 2025 SEA",FALSE,FALSE,FALSE,FALSE,FALSE,2,"2001 NE, 2007 NYG, 2018 NE"
PIT,2-1,3,-7,1-1,0.049342105263157895,0.5460526315789473,303,15,166,"2000 BAL, 2002 TB, 2003 NE, 2005 PIT, 2008 PIT, 2010 GB, 2011 NYG, 2012 BAL, 2014 NE, 2017 PHI, 2020 TB, 2022 KC, 2023 KC, 2024 PHI, 2025 SEA",FALSE,FALSE,FALSE,FALSE,FALSE,2,"2001 NE, 2007 NYG, 2018 NE"
NYG,2-1,3,-9,1-1,0.049342105263157895,0.5460526315789473,303,15,166,"2000 BAL, 2002 TB, 2003 NE, 2005 PIT, 2008 PIT, 2010 GB, 2011 NYG, 2012 BAL, 2014 NE, 2017 PHI, 2020 TB, 2022 KC, 2023 KC, 2024 PHI, 2025 SEA",FALSE,FALSE,FALSE,FALSE,FALSE,2,"2001 NE, 2007 NYG, 2018 NE"
DEN,2-1,3,-10,1-1,0.049342105263157895,0.5460526315789473,303,15,166,"2000 BAL, 2002 TB, 2003 NE, 2005 PIT, 2008 PIT, 2010 GB, 2011 NYG, 2012 BAL, 2014 NE, 2017 PHI, 2020 TB, 2022 KC, 2023 KC, 2024 PHI, 2025 SEA",FALSE,FALSE,FALSE,FALSE,FALSE,2,"2001 NE, 2007 NYG, 2018 NE"
PHI,2-1,3,-14,2-0,0.049342105263157895,0.5460526315789473,303,15,166,"2000 BAL, 2002 TB, 2003 NE, 2005 PIT, 2008 PIT, 2010 GB, 2011 NYG, 2012 BAL, 2014 NE, 2017 PHI, 2020 TB, 2022 KC, 2023 KC, 2024 PHI, 2025 SEA",FALSE,FALSE,FALSE,FALSE,FALSE,2,"2001 NE, 2007 NYG, 2018 NE"
CLE,2-1,3,-17,1-1,0.049342105263157895,0.5460526315789473,303,15,166,"2000 BAL, 2002 TB, 2003 NE, 2005 PIT, 2008 PIT, 2010 GB, 2011 NYG, 2012 BAL, 2014 NE, 2017 PHI, 2020 TB, 2022 KC, 2023 KC, 2024 PHI, 2025 SEA",FALSE,FALSE,FALSE,FALSE,FALSE,2,"2001 NE, 2007 NYG, 2018 NE"
CAR,1-2,3,6,1-1,0.010169491525423728,0.25084745762711863,290,3,74,"2001 NE, 2007 NYG, 2018 NE",FALSE,TRUE,FALSE,FALSE,FALSE,2,"2001 NE, 2007 NYG, 2018 NE"
DAL,1-2,3,6,1-1,0.010169491525423728,0.25084745762711863,290,3,74,"2001 NE, 2007 NYG, 2018 NE",FALSE,TRUE,FALSE,FALSE,FALSE,2,"2001 NE, 2007 NYG, 2018 NE"
NYJ,1-2,3,3,1-1,0.010169491525423728,0.25084745762711863,290,3,74,"2001 NE, 2007 NYG, 2018 NE",FALSE,TRUE,FALSE,FALSE,FALSE,2,"2001 NE, 2007 NYG, 2018 NE"
LA,1-2,3,-2,1-1,0.010169491525423728,0.25084745762711863,290,3,74,"2001 NE, 2007 NYG, 2018 NE",FALSE,TRUE,FALSE,FALSE,FALSE,2,"2001 NE, 2007 NYG, 2018 NE"
NO,1-2,3,-2,1-1,0.010169491525423728,0.25084745762711863,290,3,74,"2001 NE, 2007 NYG, 2018 NE",FALSE,TRUE,FALSE,FALSE,FALSE,2,"2001 NE, 2007 NYG, 2018 NE"
NE,1-2,3,-15,1-1,0.010169491525423728,0.25084745762711863,290,3,74,"2001 NE, 2007 NYG, 2018 NE",FALSE,TRUE,FALSE,FALSE,FALSE,2,"2001 NE, 2007 NYG, 2018 NE"
ATL,1-2,3,-17,0-2,0.010169491525423728,0.25084745762711863,290,3,74,"2001 NE, 2007 NYG, 2018 NE",FALSE,TRUE,FALSE,FALSE,FALSE,2,"2001 NE, 2007 NYG, 2018 NE"
WAS,1-2,3,-17,0-2,0.010169491525423728,0.25084745762711863,290,3,74,"2001 NE, 2007 NYG, 2018 NE",FALSE,TRUE,FALSE,FALSE,FALSE,2,"2001 NE, 2007 NYG, 2018 NE"
ARI,1-2,3,-18,1-1,0.010169491525423728,0.25084745762711863,290,3,74,"2001 NE, 2007 NYG, 2018 NE",FALSE,TRUE,FALSE,FALSE,FALSE,2,"2001 NE, 2007 NYG, 2018 NE"
IND,1-2,3,-19,0-2,0.010169491525423728,0.25084745762711863,290,3,74,"2001 NE, 2007 NYG, 2018 NE",FALSE,TRUE,FALSE,FALSE,FALSE,2,"2001 NE, 2007 NYG, 2018 NE"
GB,1-2,3,-35,1-1,0.010169491525423728,0.25084745762711863,290,3,74,"2001 NE, 2007 NYG, 2018 NE",FALSE,TRUE,FALSE,FALSE,FALSE,2,"2001 NE, 2007 NYG, 2018 NE"
TB,0-3,3,-17,0-2,0,0.015037593984962405,129,0,2,NA,FALSE,FALSE,TRUE,TRUE,FALSE,2,"2001 NE, 2007 NYG, 2018 NE"
HOU,0-3,3,-21,0-2,0,0.015037593984962405,129,0,2,NA,FALSE,FALSE,TRUE,TRUE,FALSE,2,"2001 NE, 2007 NYG, 2018 NE"
TEN,0-3,3,-22,0-2,0,0.015037593984962405,129,0,2,NA,FALSE,FALSE,TRUE,TRUE,FALSE,2,"2001 NE, 2007 NYG, 2018 NE"
LAC,0-3,3,-32,0-2,0,0.015037593984962405,129,0,2,NA,FALSE,FALSE,TRUE,TRUE,FALSE,2,"2001 NE, 2007 NYG, 2018 NE"
MIA,0-3,3,-50,0-2,0,0.015037593984962405,129,0,2,NA,FALSE,FALSE,TRUE,TRUE,FALSE,2,"2001 NE, 2007 NYG, 2018 NE"
