games_played,record,wins,losses,ties,teams,champions,playoff_teams,share_of_teams,share_of_champions,champion_rate,lift_vs_baseline,playoff_rate,champion_seasons
1,1-0,1,0,0,428,18,228,0.49709639953542395,0.6666666666666666,0.04205607476635514,1.3411214953271027,0.5327102803738317,"1999 STL, 2000 BAL, 2004 NE, 2005 PIT, 2006 IND, 2008 PIT, 2009 NO, 2010 GB, 2012 BAL, 2013 SEA, 2015 DEN, 2016 NE, 2017 PHI, 2018 NE, 2019 KC, 2021 LA, 2022 KC, 2024 PHI"
1,0-0-1,0,0,1,6,0,0,0.006968641114982578,0,0,0,0,
1,0-1,0,1,0,427,9,108,0.4959349593495935,0.3333333333333333,0.02107728337236534,0.6721311475409836,0.2529274004683841,"2001 NE, 2002 TB, 2003 NE, 2007 NYG, 2011 NYG, 2014 NE, 2020 TB, 2023 KC, 2025 SEA"
2,2-0,2,0,0,225,14,139,0.2613240418118467,0.5185185185185185,0.06222222222222222,1.9841975308641975,0.6177777777777778,"1999 STL, 2000 BAL, 2004 NE, 2005 PIT, 2006 IND, 2008 PIT, 2009 NO, 2010 GB, 2013 SEA, 2015 DEN, 2016 NE, 2019 KC, 2021 LA, 2022 KC"
2,1-0-1,1,0,1,3,0,0,0.003484320557491289,0,0,0,0,
2,1-1,1,1,0,401,11,172,0.4657375145180023,0.4074074074074074,0.02743142144638404,0.8747575505680244,0.428927680798005,"2002 TB, 2003 NE, 2011 NYG, 2012 BAL, 2014 NE, 2017 PHI, 2018 NE, 2020 TB, 2023 KC, 2024 PHI, 2025 SEA"
2,0-1-1,0,1,1,5,0,0,0.005807200929152149,0,0,0,0,
2,0-2,0,2,0,227,2,25,0.26364692218350755,0.07407407407407407,0.00881057268722467,0.28095937347038674,0.11013215859030837,"2001 NE, 2007 NYG"
3,3-0,3,0,0,129,9,94,0.14982578397212543,0.3333333333333333,0.06976744186046512,2.2248062015503876,0.7286821705426356,"1999 STL, 2004 NE, 2006 IND, 2009 NO, 2013 SEA, 2015 DEN, 2016 NE, 2019 KC, 2021 LA"
3,2-0-1,2,0,1,1,0,0,0.0011614401858304297,0,0,0,0,
3,2-1,2,1,0,303,15,166,0.3519163763066202,0.5555555555555556,0.04950495049504951,1.5786578657865789,0.5478547854785478,"2000 BAL, 2002 TB, 2003 NE, 2005 PIT, 2008 PIT, 2010 GB, 2011 NYG, 2012 BAL, 2014 NE, 2017 PHI, 2020 TB, 2022 KC, 2023 KC, 2024 PHI, 2025 SEA"
3,1-1-1,1,1,1,5,0,0,0.005807200929152149,0,0,0,0,
3,1-2,1,2,0,290,3,74,0.33681765389082463,0.1111111111111111,0.010344827586206896,0.3298850574712644,0.25517241379310346,"2001 NE, 2007 NYG, 2018 NE"
3,0-2-1,0,2,1,4,0,0,0.004645760743321719,0,0,0,0,
3,0-3,0,3,0,129,0,2,0.14982578397212543,0,0,0,0.015503875968992248,
4,4-0,4,0,0,73,7,62,0.08478513356562137,0.25925925925925924,0.0958904109589041,3.0578386605783865,0.8493150684931506,"1999 STL, 2004 NE, 2006 IND, 2009 NO, 2013 SEA, 2015 DEN, 2019 KC"
4,3-1,3,1,0,221,14,143,0.25667828106852497,0.5185185185185185,0.06334841628959276,2.0201106083459024,0.6470588235294118,"2000 BAL, 2002 TB, 2005 PIT, 2008 PIT, 2010 GB, 2011 NYG, 2012 BAL, 2016 NE, 2017 PHI, 2020 TB, 2021 LA, 2022 KC, 2023 KC, 2025 SEA"
4,2-1-1,2,1,1,3,0,1,0.003484320557491289,0,0,0,0.3333333333333333,
4,2-2,2,2,0,280,5,104,0.3252032520325203,0.18518518518518517,0.017857142857142856,0.5694444444444444,0.37142857142857144,"2003 NE, 2007 NYG, 2014 NE, 2018 NE, 2024 PHI"
4,1-2-1,1,2,1,7,0,0,0.008130081300813009,0,0,0,0,
4,1-3,1,3,0,194,1,26,0.22531939605110338,0.037037037037037035,0.005154639175257732,0.16437571592210767,0.13402061855670103,2001 NE
4,0-3-1,0,3,1,2,0,0,0.0023228803716608595,0,0,0,0,
4,0-4,0,4,0,81,0,0,0.09407665505226481,0,0,0,0,
5,5-0,5,0,0,51,5,46,0.059233449477351915,0.18518518518518517,0.09803921568627451,3.1263616557734206,0.9019607843137255,"1999 STL, 2004 NE, 2006 IND, 2009 NO, 2015 DEN"
5,4-1,4,1,0,136,11,105,0.15795586527293845,0.4074074074074074,0.08088235294117647,2.579248366013072,0.7720588235294118,"2000 BAL, 2002 TB, 2008 PIT, 2012 BAL, 2013 SEA, 2016 NE, 2017 PHI, 2019 KC, 2021 LA, 2022 KC, 2023 KC"
5,3-1-1,3,1,1,2,0,2,0.0023228803716608595,0,0,0,1,
5,3-2,3,2,0,246,10,122,0.2857142857142857,0.37037037037037035,0.04065040650406504,1.2962962962962963,0.4959349593495935,"2003 NE, 2005 PIT, 2007 NYG, 2010 GB, 2011 NYG, 2014 NE, 2018 NE, 2020 TB, 2024 PHI, 2025 SEA"
5,2-2-1,2,2,1,7,0,0,0.008130081300813009,0,0,0,0,
5,2-3,2,3,0,222,1,51,0.2578397212543554,0.037037037037037035,0.0045045045045045045,0.14364364364364365,0.22972972972972974,2001 NE
5,1-3-1,1,3,1,4,0,0,0.004645760743321719,0,0,0,0,
5,1-4,1,4,0,145,0,10,0.16840882694541232,0,0,0,0.06896551724137931,
5,0-5,0,5,0,48,0,0,0.05574912891986063,0,0,0,0,
6,6-0,6,0,0,34,5,32,0.03948896631823461,0.18518518518518517,0.14705882352941177,4.689542483660131,0.9411764705882353,"1999 STL, 2004 NE, 2006 IND, 2009 NO, 2015 DEN"
6,5-1,5,1,0,91,9,76,0.10569105691056911,0.3333333333333333,0.0989010989010989,3.1538461538461537,0.8351648351648352,"2000 BAL, 2002 TB, 2008 PIT, 2012 BAL, 2013 SEA, 2016 NE, 2017 PHI, 2021 LA, 2023 KC"
6,4-1-1,4,1,1,2,0,2,0.0023228803716608595,0,0,0,1,
6,4-2,4,2,0,202,11,130,0.2346109175377468,0.4074074074074074,0.054455445544554455,1.7365236523652365,0.6435643564356436,"2003 NE, 2005 PIT, 2007 NYG, 2011 NYG, 2014 NE, 2018 NE, 2019 KC, 2020 TB, 2022 KC, 2024 PHI, 2025 SEA"
6,3-2-1,3,2,1,6,0,2,0.006968641114982578,0,0,0,0.3333333333333333,
6,3-3,3,3,0,212,2,72,0.2462253193960511,0.07407407407407407,0.009433962264150943,0.30083857442348005,0.33962264150943394,"2001 NE, 2010 GB"
6,2-3-1,2,3,1,4,0,0,0.004645760743321719,0,0,0,0,
6,2-4,2,4,0,173,0,19,0.20092915214866433,0,0,0,0.10982658959537572,
6,1-4-1,1,4,1,3,0,0,0.003484320557491289,0,0,0,0,
6,1-5,1,5,0,102,0,3,0.11846689895470383,0,0,0,0.029411764705882353,
6,0-6,0,6,0,32,0,0,0.03716608594657375,0,0,0,0,
7,7-0,7,0,0,25,3,25,0.029036004645760744,0.1111111111111111,0.12,3.8266666666666667,1,"2006 IND, 2009 NO, 2015 DEN"
7,6-1,6,1,0,58,7,50,0.06736353077816493,0.25925925925925924,0.1206896551724138,3.848659003831418,0.8620689655172413,"1999 STL, 2004 NE, 2013 SEA, 2016 NE, 2017 PHI, 2021 LA, 2023 KC"
7,5-1-1,5,1,1,1,0,1,0.0011614401858304297,0,0,0,1,
7,5-2,5,2,0,167,15,125,0.19396051103368175,0.5555555555555556,0.08982035928143713,2.8642714570858283,0.7485029940119761,"2000 BAL, 2002 TB, 2003 NE, 2005 PIT, 2007 NYG, 2008 PIT, 2011 NYG, 2012 BAL, 2014 NE, 2018 NE, 2019 KC, 2020 TB, 2022 KC, 2024 PHI, 2025 SEA"
7,4-2-1,4,2,1,4,0,2,0.004645760743321719,0,0,0,0.5,
7,4-3,4,3,0,178,1,89,0.2067363530778165,0.037037037037037035,0.0056179775280898875,0.17915106117353308,0.5,2010 GB
7,3-3-1,3,3,1,7,0,1,0.008130081300813009,0,0,0,0.14285714285714285,
7,3-4,3,4,0,182,1,34,0.21138211382113822,0.037037037037037035,0.005494505494505495,0.17521367521367523,0.18681318681318682,2001 NE
7,2-4-1,2,4,1,2,0,0,0.0023228803716608595,0,0,0,0,
7,2-5,2,5,0,138,0,9,0.1602787456445993,0,0,0,0.06521739130434782,
7,1-5-1,1,5,1,2,0,0,0.0023228803716608595,0,0,0,0,
7,1-6,1,6,0,73,0,0,0.08478513356562137,0,0,0,0,
7,0-7,0,7,0,24,0,0,0.027874564459930314,0,0,0,0,
8,8-0,8,0,0,19,2,19,0.022067363530778164,0.07407407407407407,0.10526315789473684,3.3567251461988303,1,"2006 IND, 2009 NO"
8,7-1,7,1,0,40,6,38,0.04645760743321719,0.2222222222222222,0.15,4.783333333333333,0.95,"2004 NE, 2013 SEA, 2015 DEN, 2016 NE, 2017 PHI, 2021 LA"
8,6-2,6,2,0,134,15,112,0.15563298490127758,0.5555555555555556,0.11194029850746269,3.5696517412935327,0.835820895522388,"1999 STL, 2002 TB, 2003 NE, 2005 PIT, 2007 NYG, 2008 PIT, 2011 NYG, 2012 BAL, 2014 NE, 2018 NE, 2020 TB, 2022 KC, 2023 KC, 2024 PHI, 2025 SEA"
8,5-2-1,5,2,1,4,0,3,0.004645760743321719,0,0,0,0.75,
8,5-3,5,3,0,154,3,92,0.17886178861788618,0.1111111111111111,0.01948051948051948,0.6212121212121212,0.5974025974025974,"2000 BAL, 2010 GB, 2019 KC"
8,4-3-1,4,3,1,2,0,0,0.0023228803716608595,0,0,0,0,
8,4-4,4,4,0,156,1,51,0.18118466898954705,0.037037037037037035,0.00641025641025641,0.20441595441595442,0.3269230769230769,2001 NE
8,3-4-1,3,4,1,9,0,1,0.010452961672473868,0,0,0,0.1111111111111111,
8,3-5,3,5,0,156,0,18,0.18118466898954705,0,0,0,0.11538461538461539,
8,2-5-1,2,5,1,2,0,0,0.0023228803716608595,0,0,0,0,
8,2-6,2,6,0,114,0,2,0.13240418118466898,0,0,0,0.017543859649122806,
8,1-6-1,1,6,1,1,0,0,0.0011614401858304297,0,0,0,0,
8,1-7,1,7,0,53,0,0,0.06155632984901278,0,0,0,0,
8,0-8,0,8,0,17,0,0,0.019744483159117306,0,0,0,0,
9,9-0,9,0,0,13,2,13,0.015098722415795587,0.07407407407407407,0.15384615384615385,4.905982905982906,1,"2006 IND, 2009 NO"
9,8-1,8,1,0,33,3,33,0.03832752613240418,0.1111111111111111,0.09090909090909091,2.8989898989898992,1,"2004 NE, 2013 SEA, 2017 PHI"
9,7-2,7,2,0,85,14,80,0.09872241579558652,0.5185185185185185,0.16470588235294117,5.252287581699346,0.9411764705882353,"1999 STL, 2002 TB, 2003 NE, 2005 PIT, 2012 BAL, 2014 NE, 2015 DEN, 2016 NE, 2018 NE, 2021 LA, 2022 KC, 2023 KC, 2024 PHI, 2025 SEA"
9,6-2-1,6,2,1,3,0,2,0.003484320557491289,0,0,0,0.6666666666666666,
9,6-3,6,3,0,146,6,105,0.16957026713124274,0.2222222222222222,0.0410958904109589,1.3105022831050228,0.7191780821917808,"2007 NYG, 2008 PIT, 2010 GB, 2011 NYG, 2019 KC, 2020 TB"
9,5-3-1,5,3,1,7,0,5,0.008130081300813009,0,0,0,0.7142857142857143,
9,5-4,5,4,0,145,2,63,0.16840882694541232,0.07407407407407407,0.013793103448275862,0.43984674329501916,0.43448275862068964,"2000 BAL, 2001 NE"
9,4-4-1,4,4,1,2,0,0,0.0023228803716608595,0,0,0,0,
9,4-5,4,5,0,151,0,28,0.1753774680603949,0,0,0,0.18543046357615894,
9,3-5-1,3,5,1,8,0,1,0.009291521486643438,0,0,0,0.125,
9,3-6,3,6,0,124,0,5,0.1440185830429733,0,0,0,0.04032258064516129,
9,2-6-1,2,6,1,2,0,0,0.0023228803716608595,0,0,0,0,
9,2-7,2,7,0,93,0,1,0.10801393728222997,0,0,0,0.010752688172043012,
9,1-7-1,1,7,1,1,0,0,0.0011614401858304297,0,0,0,0,
9,1-8,1,8,0,36,0,0,0.041811846689895474,0,0,0,0,
9,0-8-1,0,8,1,1,0,0,0.0011614401858304297,0,0,0,0,
9,0-9,0,9,0,11,0,0,0.012775842044134728,0,0,0,0,
10,10-0,10,0,0,9,1,9,0.010452961672473868,0.037037037037037035,0.1111111111111111,3.5432098765432096,1,2009 NO
10,9-1,9,1,0,30,4,30,0.03484320557491289,0.14814814814814814,0.13333333333333333,4.2518518518518515,1,"2004 NE, 2006 IND, 2013 SEA, 2017 PHI"
10,8-2,8,2,0,63,9,62,0.07317073170731707,0.3333333333333333,0.14285714285714285,4.555555555555555,0.9841269841269841,"1999 STL, 2002 TB, 2003 NE, 2012 BAL, 2014 NE, 2015 DEN, 2016 NE, 2022 KC, 2024 PHI"
10,7-2-1,7,2,1,3,0,2,0.003484320557491289,0,0,0,0.6666666666666666,
10,7-3,7,3,0,117,9,100,0.13588850174216027,0.3333333333333333,0.07692307692307693,2.452991452991453,0.8547008547008547,"2005 PIT, 2007 NYG, 2008 PIT, 2010 GB, 2018 NE, 2020 TB, 2021 LA, 2023 KC, 2025 SEA"
10,6-3-1,6,3,1,4,0,3,0.004645760743321719,0,0,0,0.75,
10,6-4,6,4,0,133,3,71,0.15447154471544716,0.1111111111111111,0.022556390977443608,0.7192982456140351,0.5338345864661654,"2000 BAL, 2011 NYG, 2019 KC"
10,5-4-1,5,4,1,4,0,3,0.004645760743321719,0,0,0,0.75,
10,5-5,5,5,0,129,1,41,0.14982578397212543,0.037037037037037035,0.007751937984496124,0.2472006890611542,0.3178294573643411,2001 NE
10,4-5-1,4,5,1,4,0,0,0.004645760743321719,0,0,0,0,
10,4-6,4,6,0,142,0,12,0.16492450638792103,0,0,0,0.08450704225352113,
10,3-6-1,3,6,1,7,0,1,0.008130081300813009,0,0,0,0.14285714285714285,
10,3-7,3,7,0,108,0,2,0.1254355400696864,0,0,0,0.018518518518518517,
10,2-7-1,2,7,1,1,0,0,0.0011614401858304297,0,0,0,0,
10,2-8,2,8,0,72,0,0,0.08362369337979095,0,0,0,0,
10,1-8-1,1,8,1,2,0,0,0.0023228803716608595,0,0,0,0,
10,1-9,1,9,0,22,0,0,0.025551684088269456,0,0,0,0,
10,0-9-1,0,9,1,1,0,0,0.0011614401858304297,0,0,0,0,
10,0-10,0,10,0,10,0,0,0.011614401858304297,0,0,0,0,
11,11-0,11,0,0,7,1,7,0.008130081300813009,0.037037037037037035,0.14285714285714285,4.555555555555555,1,2009 NO
11,10-1,10,1,0,26,4,26,0.030197444831591175,0.14814814814814814,0.15384615384615385,4.905982905982906,1,"2004 NE, 2006 IND, 2013 SEA, 2017 PHI"
11,9-2,9,2,0,53,9,53,0.06155632984901278,0.3333333333333333,0.16981132075471697,5.415094339622641,1,"1999 STL, 2002 TB, 2003 NE, 2012 BAL, 2014 NE, 2015 DEN, 2016 NE, 2022 KC, 2024 PHI"
11,8-2-1,8,2,1,1,0,1,0.0011614401858304297,0,0,0,1,
11,8-3,8,3,0,86,4,79,0.09988385598141696,0.14814814814814814,0.046511627906976744,1.483204134366925,0.9186046511627907,"2008 PIT, 2018 NE, 2023 KC, 2025 SEA"
11,7-3-1,7,3,1,5,0,4,0.005807200929152149,0,0,0,0.8,
11,7-4,7,4,0,125,7,87,0.14518002322880372,0.25925925925925924,0.056,1.785777777777778,0.696,"2000 BAL, 2005 PIT, 2007 NYG, 2010 GB, 2019 KC, 2020 TB, 2021 LA"
11,6-4-1,6,4,1,3,0,1,0.003484320557491289,0,0,0,0.3333333333333333,
11,6-5,6,5,0,121,2,51,0.140534262485482,0.07407407407407407,0.01652892561983471,0.527089072543618,0.4214876033057851,"2001 NE, 2011 NYG"
11,5-5-1,5,5,1,4,0,3,0.004645760743321719,0,0,0,0.75,
11,5-6,5,6,0,124,0,19,0.1440185830429733,0,0,0,0.1532258064516129,
11,4-6-1,4,6,1,5,0,0,0.005807200929152149,0,0,0,0,
11,4-7,4,7,0,128,0,4,0.148664343786295,0,0,0,0.03125,
11,3-7-1,3,7,1,5,0,1,0.005807200929152149,0,0,0,0.2,
11,3-8,3,8,0,82,0,0,0.09523809523809523,0,0,0,0,
11,2-8-1,2,8,1,2,0,0,0.0023228803716608595,0,0,0,0,
11,2-9,2,9,0,53,0,0,0.06155632984901278,0,0,0,0,
11,1-9-1,1,9,1,2,0,0,0.0023228803716608595,0,0,0,0,
11,1-10,1,10,0,19,0,0,0.022067363530778164,0,0,0,0,
11,0-10-1,0,10,1,1,0,0,0.0011614401858304297,0,0,0,0,
11,0-11,0,11,0,9,0,0,0.010452961672473868,0,0,0,0,
12,12-0,12,0,0,6,1,6,0.006968641114982578,0.037037037037037035,0.16666666666666666,5.314814814814815,1,2009 NO
12,11-1,11,1,0,18,2,18,0.020905923344947737,0.07407407407407407,0.1111111111111111,3.5432098765432096,1,"2004 NE, 2013 SEA"
12,10-2,10,2,0,44,7,44,0.05110336817653891,0.25925925925925924,0.1590909090909091,5.0732323232323235,1,"1999 STL, 2003 NE, 2006 IND, 2015 DEN, 2016 NE, 2017 PHI, 2024 PHI"
12,9-3,9,3,0,79,7,77,0.09175377468060394,0.25925925925925924,0.08860759493670886,2.8255977496483826,0.9746835443037974,"2002 TB, 2008 PIT, 2012 BAL, 2014 NE, 2018 NE, 2022 KC, 2025 SEA"
12,8-3-1,8,3,1,5,0,5,0.005807200929152149,0,0,0,1,
12,8-4,8,4,0,99,6,80,0.11498257839721254,0.2222222222222222,0.06060606060606061,1.9326599326599327,0.8080808080808081,"2000 BAL, 2007 NYG, 2010 GB, 2019 KC, 2021 LA, 2023 KC"
12,7-4-1,7,4,1,3,0,2,0.003484320557491289,0,0,0,0.6666666666666666,
12,7-5,7,5,0,111,3,55,0.1289198606271777,0.1111111111111111,0.02702702702702703,0.861861861861862,0.4954954954954955,"2001 NE, 2005 PIT, 2020 TB"
12,6-5-1,6,5,1,5,0,2,0.005807200929152149,0,0,0,0.4,
12,6-6,6,6,0,112,1,35,0.13008130081300814,0.037037037037037035,0.008928571428571428,0.2847222222222222,0.3125,2011 NYG
12,5-6-1,5,6,1,3,0,1,0.003484320557491289,0,0,0,0.3333333333333333,
12,5-7,5,7,0,126,0,8,0.14634146341463414,0,0,0,0.06349206349206349,
12,4-7-1,4,7,1,4,0,0,0.004645760743321719,0,0,0,0,
12,4-8,4,8,0,102,0,2,0.11846689895470383,0,0,0,0.0196078431372549,
12,3-8-1,3,8,1,5,0,1,0.005807200929152149,0,0,0,0.2,
12,3-9,3,9,0,67,0,0,0.07781649245063879,0,0,0,0,
12,2-9-1,2,9,1,1,0,0,0.0011614401858304297,0,0,0,0,
12,2-10,2,10,0,46,0,0,0.053426248548199766,0,0,0,0,
12,1-10-1,1,10,1,3,0,0,0.003484320557491289,0,0,0,0,
12,1-11,1,11,0,15,0,0,0.017421602787456445,0,0,0,0,
12,0-12,0,12,0,7,0,0,0.008130081300813009,0,0,0,0,
13,13-0,13,0,0,6,1,6,0.006968641114982578,0.037037037037037035,0.16666666666666666,5.314814814814815,1,2009 NO
13,12-1,12,1,0,10,1,10,0.011614401858304297,0.037037037037037035,0.1,3.188888888888889,1,2004 NE
13,11-2,11,2,0,36,6,36,0.041811846689895474,0.2222222222222222,0.16666666666666666,5.314814814814815,1,"1999 STL, 2003 NE, 2013 SEA, 2016 NE, 2017 PHI, 2024 PHI"
13,10-3,10,3,0,69,7,69,0.08013937282229965,0.25925925925925924,0.10144927536231885,3.2351046698872787,1,"2002 TB, 2006 IND, 2008 PIT, 2014 NE, 2015 DEN, 2022 KC, 2025 SEA"
13,9-3-1,9,3,1,2,0,2,0.0023228803716608595,0,0,0,1,
13,9-4,9,4,0,81,6,76,0.09407665505226481,0.2222222222222222,0.07407407407407407,2.3621399176954734,0.9382716049382716,"2000 BAL, 2007 NYG, 2012 BAL, 2018 NE, 2019 KC, 2021 LA"
13,8-4-1,8,4,1,3,0,3,0.003484320557491289,0,0,0,1,
13,8-5,8,5,0,109,5,68,0.12659698025551683,0.18518518518518517,0.045871559633027525,1.4627930682976555,0.6238532110091743,"2001 NE, 2005 PIT, 2010 GB, 2020 TB, 2023 KC"
13,7-5-1,7,5,1,6,0,3,0.006968641114982578,0,0,0,0.5,
13,7-6,7,6,0,109,1,42,0.12659698025551683,0.037037037037037035,0.009174311926605505,0.2925586136595311,0.3853211009174312,2011 NYG
13,6-6-1,6,6,1,5,0,2,0.005807200929152149,0,0,0,0.4,
13,6-7,6,7,0,105,0,16,0.12195121951219512,0,0,0,0.1523809523809524,
13,5-7-1,5,7,1,4,0,0,0.004645760743321719,0,0,0,0,
13,5-8,5,8,0,110,0,2,0.12775842044134728,0,0,0,0.01818181818181818,
13,4-8-1,4,8,1,3,0,1,0.003484320557491289,0,0,0,0.3333333333333333,
13,4-9,4,9,0,84,0,0,0.0975609756097561,0,0,0,0,
13,3-9-1,3,9,1,3,0,0,0.003484320557491289,0,0,0,0,
13,3-10,3,10,0,60,0,0,0.06968641114982578,0,0,0,0,
13,2-10-1,2,10,1,1,0,0,0.0011614401858304297,0,0,0,0,
13,2-11,2,11,0,34,0,0,0.03948896631823461,0,0,0,0,
13,1-11-1,1,11,1,3,0,0,0.003484320557491289,0,0,0,0,
13,1-12,1,12,0,12,0,0,0.013937282229965157,0,0,0,0,
13,0-13,0,13,0,6,0,0,0.006968641114982578,0,0,0,0,
14,14-0,14,0,0,3,0,3,0.003484320557491289,0,0,0,1,
14,13-1,13,1,0,9,1,9,0.010452961672473868,0.037037037037037035,0.1111111111111111,3.5432098765432096,1,2009 NO
14,12-2,12,2,0,30,7,30,0.03484320557491289,0.25925925925925924,0.23333333333333334,7.440740740740741,1,"1999 STL, 2003 NE, 2004 NE, 2013 SEA, 2016 NE, 2017 PHI, 2024 PHI"
14,11-3,11,3,0,59,6,59,0.06852497096399536,0.2222222222222222,0.1016949152542373,3.2429378531073447,1,"2002 TB, 2006 IND, 2008 PIT, 2014 NE, 2022 KC, 2025 SEA"
14,10-3-1,10,3,1,1,0,1,0.0011614401858304297,0,0,0,1,
14,10-4,10,4,0,73,4,73,0.08478513356562137,0.14814814814814814,0.0547945205479452,1.7473363774733637,1,"2000 BAL, 2015 DEN, 2019 KC, 2021 LA"
14,9-4-1,9,4,1,3,0,3,0.003484320557491289,0,0,0,1,
14,9-5,9,5,0,88,7,73,0.10220673635307782,0.25925925925925924,0.07954545454545454,2.5366161616161618,0.8295454545454546,"2001 NE, 2005 PIT, 2007 NYG, 2012 BAL, 2018 NE, 2020 TB, 2023 KC"
14,8-5-1,8,5,1,5,0,4,0.005807200929152149,0,0,0,0.8,
14,8-6,8,6,0,106,1,49,0.12311265969802555,0.037037037037037035,0.009433962264150943,0.30083857442348005,0.46226415094339623,2010 GB
14,7-6-1,7,6,1,5,0,2,0.005807200929152149,0,0,0,0.4,
14,7-7,7,7,0,105,1,22,0.12195121951219512,0.037037037037037035,0.009523809523809525,0.30370370370370375,0.20952380952380953,2011 NYG
14,6-7-1,6,7,1,3,0,0,0.003484320557491289,0,0,0,0,
14,6-8,6,8,0,94,0,7,0.1091753774680604,0,0,0,0.07446808510638298,
14,5-8-1,5,8,1,4,0,1,0.004645760743321719,0,0,0,0.25,
14,5-9,5,9,0,99,0,0,0.11498257839721254,0,0,0,0,
14,4-9-1,4,9,1,4,0,0,0.004645760743321719,0,0,0,0,
14,4-10,4,10,0,70,0,0,0.08130081300813008,0,0,0,0,
14,3-10-1,3,10,1,2,0,0,0.0023228803716608595,0,0,0,0,
14,3-11,3,11,0,50,0,0,0.05807200929152149,0,0,0,0,
14,2-11-1,2,11,1,2,0,0,0.0023228803716608595,0,0,0,0,
14,2-12,2,12,0,31,0,0,0.036004645760743324,0,0,0,0,
14,1-12-1,1,12,1,1,0,0,0.0011614401858304297,0,0,0,0,
14,1-13,1,13,0,11,0,0,0.012775842044134728,0,0,0,0,
14,0-14,0,14,0,3,0,0,0.003484320557491289,0,0,0,0,
15,15-0,15,0,0,1,0,1,0.0011614401858304297,0,0,0,1,
15,14-1,14,1,0,6,0,6,0.006968641114982578,0,0,0,1,
15,13-2,13,2,0,26,6,26,0.030197444831591175,0.2222222222222222,0.23076923076923078,7.3589743589743595,1,"1999 STL, 2003 NE, 2004 NE, 2009 NO, 2016 NE, 2017 PHI"
15,12-3,12,3,0,46,5,46,0.053426248548199766,0.18518518518518517,0.10869565217391304,3.466183574879227,1,"2013 SEA, 2014 NE, 2022 KC, 2024 PHI, 2025 SEA"
15,11-4,11,4,0,72,7,72,0.08362369337979095,0.25925925925925924,0.09722222222222222,3.100308641975309,1,"2000 BAL, 2002 TB, 2006 IND, 2008 PIT, 2015 DEN, 2019 KC, 2021 LA"
15,10-4-1,10,4,1,2,0,2,0.0023228803716608595,0,0,0,1,
15,10-5,10,5,0,81,6,77,0.09407665505226481,0.2222222222222222,0.07407407407407407,2.3621399176954734,0.9506172839506173,"2001 NE, 2005 PIT, 2007 NYG, 2012 BAL, 2018 NE, 2020 TB"
15,9-5-1,9,5,1,4,0,4,0.004645760743321719,0,0,0,1,
15,9-6,9,6,0,81,2,55,0.09407665505226481,0.07407407407407407,0.024691358024691357,0.7873799725651577,0.6790123456790124,"2010 GB, 2023 KC"
15,8-6-1,8,6,1,5,0,2,0.005807200929152149,0,0,0,0.4,
15,8-7,8,7,0,97,1,32,0.11265969802555169,0.037037037037037035,0.010309278350515464,0.32875143184421535,0.32989690721649484,2011 NYG
15,7-7-1,7,7,1,5,0,2,0.005807200929152149,0,0,0,0.4,
15,7-8,7,8,0,117,0,8,0.13588850174216027,0,0,0,0.06837606837606838,
15,6-8-1,6,8,1,4,0,1,0.004645760743321719,0,0,0,0.25,
15,6-9,6,9,0,84,0,2,0.0975609756097561,0,0,0,0.023809523809523808,
15,5-9-1,5,9,1,2,0,0,0.0023228803716608595,0,0,0,0,
15,5-10,5,10,0,77,0,0,0.08943089430894309,0,0,0,0,
15,4-10-1,4,10,1,4,0,0,0.004645760743321719,0,0,0,0,
15,4-11,4,11,0,67,0,0,0.07781649245063879,0,0,0,0,
15,3-11-1,3,11,1,2,0,0,0.0023228803716608595,0,0,0,0,
15,3-12,3,12,0,41,0,0,0.047619047619047616,0,0,0,0,
15,2-12-1,2,12,1,2,0,0,0.0023228803716608595,0,0,0,0,
15,2-13,2,13,0,25,0,0,0.029036004645760744,0,0,0,0,
15,1-14,1,14,0,8,0,0,0.009291521486643438,0,0,0,0,
15,0-15,0,15,0,2,0,0,0.0023228803716608595,0,0,0,0,
16,16-0,16,0,0,1,0,1,0.0011614401858304297,0,0,0,1,
16,15-1,15,1,0,4,0,4,0.004645760743321719,0,0,0,1,
16,14-2,14,2,0,13,3,13,0.015098722415795587,0.1111111111111111,0.23076923076923078,7.3589743589743595,1,"2003 NE, 2004 NE, 2016 NE"
16,13-3,13,3,0,49,7,49,0.056910569105691054,0.25925925925925924,0.14285714285714285,4.555555555555555,1,"1999 STL, 2009 NO, 2013 SEA, 2017 PHI, 2022 KC, 2024 PHI, 2025 SEA"
16,12-4,12,4,0,58,8,58,0.06736353077816493,0.2962962962962963,0.13793103448275862,4.398467432950191,1,"2000 BAL, 2002 TB, 2006 IND, 2008 PIT, 2014 NE, 2015 DEN, 2019 KC, 2021 LA"
16,11-4-1,11,4,1,1,0,1,0.0011614401858304297,0,0,0,1,
16,11-5,11,5,0,76,4,75,0.08826945412311266,0.14814814814814814,0.05263157894736842,1.6783625730994152,0.9868421052631579,"2001 NE, 2005 PIT, 2018 NE, 2020 TB"
16,10-5-1,10,5,1,3,0,3,0.003484320557491289,0,0,0,1,
16,10-6,10,6,0,82,4,72,0.09523809523809523,0.14814814814814814,0.04878048780487805,1.5555555555555556,0.8780487804878049,"2007 NYG, 2010 GB, 2012 BAL, 2023 KC"
16,9-6-1,9,6,1,5,0,4,0.005807200929152149,0,0,0,0.8,
16,9-7,9,7,0,84,1,36,0.0975609756097561,0.037037037037037035,0.011904761904761904,0.3796296296296296,0.42857142857142855,2011 NYG
16,8-7-1,8,7,1,4,0,2,0.004645760743321719,0,0,0,0.5,
16,8-8,8,8,0,103,0,15,0.11962833914053426,0,0,0,0.14563106796116504,
16,7-8-1,7,8,1,6,0,1,0.006968641114982578,0,0,0,0.16666666666666666,
16,7-9,7,9,0,96,0,2,0.11149825783972125,0,0,0,0.020833333333333332,
16,6-9-1,6,9,1,2,0,0,0.0023228803716608595,0,0,0,0,
16,6-10,6,10,0,74,0,0,0.0859465737514518,0,0,0,0,
16,5-10-1,5,10,1,2,0,0,0.0023228803716608595,0,0,0,0,
16,5-11,5,11,0,63,0,0,0.07317073170731707,0,0,0,0,
16,4-11-1,4,11,1,4,0,0,0.004645760743321719,0,0,0,0,
16,4-12,4,12,0,68,0,0,0.07897793263646923,0,0,0,0,
16,3-12-1,3,12,1,1,0,0,0.0011614401858304297,0,0,0,0,
16,3-13,3,13,0,29,0,0,0.03368176538908246,0,0,0,0,
16,2-13-1,2,13,1,2,0,0,0.0023228803716608595,0,0,0,0,
16,2-14,2,14,0,23,0,0,0.026713124274099883,0,0,0,0,
16,1-15,1,15,0,6,0,0,0.006968641114982578,0,0,0,0,
16,0-16,0,16,0,2,0,0,0.0023228803716608595,0,0,0,0,
17,15-2,15,2,0,2,0,2,0.012658227848101266,0,0,0,1,
17,14-3,14,3,0,7,3,7,0.04430379746835443,0.6,0.42857142857142855,13.666666666666666,1,"2022 KC, 2024 PHI, 2025 SEA"
17,13-4,13,4,0,7,0,7,0.04430379746835443,0,0,0,1,
17,12-5,12,5,0,14,1,14,0.08860759493670886,0.2,0.07142857142857142,2.2777777777777777,1,2021 LA
17,11-6,11,6,0,12,1,12,0.0759493670886076,0.2,0.08333333333333333,2.6574074074074074,1,2023 KC
17,10-7,10,7,0,16,0,15,0.10126582278481013,0,0,0,0.9375,
17,9-7-1,9,7,1,3,0,3,0.0189873417721519,0,0,0,1,
17,9-8,9,8,0,20,0,6,0.12658227848101267,0,0,0,0.3,
17,8-8-1,8,8,1,1,0,0,0.006329113924050633,0,0,0,0,
17,8-9,8,9,0,17,0,2,0.10759493670886076,0,0,0,0.11764705882352941,
17,7-9-1,7,9,1,1,0,0,0.006329113924050633,0,0,0,0,
17,7-10,7,10,0,16,0,0,0.10126582278481013,0,0,0,0,
17,6-11,6,11,0,8,0,0,0.05063291139240506,0,0,0,0,
17,5-12,5,12,0,10,0,0,0.06329113924050633,0,0,0,0,
17,4-12-1,4,12,1,1,0,0,0.006329113924050633,0,0,0,0,
17,4-13,4,13,0,11,0,0,0.06962025316455696,0,0,0,0,
17,3-13-1,3,13,1,2,0,0,0.012658227848101266,0,0,0,0,
17,3-14,3,14,0,9,0,0,0.056962025316455694,0,0,0,0,
17,2-15,2,15,0,1,0,0,0.006329113924050633,0,0,0,0,
